filedate,continent_name,total_population,total_confirmed,confirmed_per_100000,confirmed_per_100,increase_total_confirmed,increase_total_confirmed_percent,total_deaths,deaths_per_100000,deaths_per_100,increase_total_deaths,increase_total_deaths_percent
2021-02-26,Africa,1338826591,3880062,289.81,0.29,11103,0.29,103142,7.70,0.01,317,0.31
2021-02-25,Africa,1338826591,3868959,288.98,0.29,12271,0.32,102825,7.68,0.01,357,0.35
2021-02-24,Africa,1338826591,3856688,288.06,0.29,10529,0.27,102468,7.65,0.01,326,0.32
2021-02-23,Africa,1338826591,3846159,287.28,0.29,7740,0.20,102142,7.63,0.01,470,0.46
2021-02-22,Africa,1338826591,3838419,286.70,0.29,9017,0.24,101672,7.59,0.01,336,0.33
2021-02-21,Africa,1338826591,3829402,286.03,0.29,9520,0.25,101336,7.57,0.01,337,0.33
2021-02-20,Africa,1338826591,3819882,285.32,0.29,9559,0.25,100999,7.54,0.01,290,0.29
2021-02-19,Africa,1338826591,3810323,284.60,0.28,11019,0.29,100709,7.52,0.01,384,0.38
2021-02-18,Africa,1338826591,3799304,283.78,0.28,13893,0.37,100325,7.49,0.01,511,0.51
2021-02-17,Africa,1338826591,3785411,282.74,0.28,12317,0.33,99814,7.46,0.01,402,0.40
2021-02-16,Africa,1338826591,3773094,281.82,0.28,10027,0.27,99412,7.43,0.01,466,0.47
2021-02-15,Africa,1338826591,3763067,281.07,0.28,9893,0.26,98946,7.39,0.01,471,0.48
2021-02-14,Africa,1338826591,3753174,280.33,0.28,10325,0.28,98475,7.36,0.01,293,0.30
2021-02-13,Africa,1338826591,3742849,279.56,0.28,10914,0.29,98182,7.33,0.01,352,0.36
2021-02-12,Africa,1338826591,3731935,278.75,0.28,13922,0.37,97830,7.31,0.01,565,0.58
2021-02-11,Africa,1338826591,3718013,277.71,0.28,11870,0.32,97265,7.26,0.01,495,0.51
2021-02-10,Africa,1338826591,3706143,276.82,0.28,13118,0.36,96770,7.23,0.01,536,0.56
2021-02-09,Africa,1338826591,3693025,275.84,0.28,11351,0.31,96234,7.19,0.01,699,0.73
2021-02-08,Africa,1338826591,3681674,274.99,0.27,11413,0.31,95535,7.14,0.01,443,0.47
2021-02-07,Africa,1338826591,3670261,274.14,0.27,11724,0.32,95092,7.10,0.01,357,0.38
2021-02-06,Africa,1338826591,3658537,273.26,0.27,13545,0.37,94735,7.08,0.01,548,0.58
2021-02-05,Africa,1338826591,3644992,272.25,0.27,15907,0.44,94187,7.04,0.01,547,0.58
2021-02-04,Africa,1338826591,3629085,271.06,0.27,16474,0.46,93640,6.99,0.01,567,0.61
2021-02-03,Africa,1338826591,3612611,269.83,0.27,15462,0.43,93073,6.95,0.01,709,0.77
2021-02-02,Africa,1338826591,3597149,268.68,0.27,14821,0.41,92364,6.90,0.01,884,0.97
2021-02-01,Africa,1338826591,3582328,267.57,0.27,12711,0.36,91480,6.83,0.01,509,0.56
2021-01-31,Africa,1338826591,3569617,266.62,0.27,15752,0.44,90971,6.79,0.01,525,0.58
2021-01-30,Africa,1338826591,3553865,265.45,0.27,17862,0.51,90446,6.76,0.01,615,0.68
2021-01-29,Africa,1338826591,3536003,264.11,0.26,19222,0.55,89831,6.71,0.01,846,0.95
2021-01-28,Africa,1338826591,3516781,262.68,0.26,20780,0.59,88985,6.65,0.01,996,1.13
2021-01-27,Africa,1338826591,3496001,261.12,0.26,20827,0.60,87989,6.57,0.01,1051,1.21
2021-01-26,Africa,1338826591,3475174,259.57,0.26,18598,0.54,86938,6.49,0.01,983,1.14
2021-01-25,Africa,1338826591,3456576,258.18,0.26,16695,0.49,85955,6.42,0.01,771,0.91
2021-01-24,Africa,1338826591,3439881,256.93,0.26,20120,0.59,85184,6.36,0.01,647,0.77
2021-01-23,Africa,1338826591,3419761,255.43,0.26,27308,0.80,84537,6.31,0.01,782,0.93
2021-01-22,Africa,1338826591,3392453,253.39,0.25,26179,0.78,83755,6.26,0.01,974,1.18
2021-01-21,Africa,1338826591,3366274,251.43,0.25,27865,0.83,82781,6.18,0.01,1025,1.25
2021-01-20,Africa,1338826591,3338409,249.35,0.25,28337,0.86,81756,6.11,0.01,922,1.14
2021-01-19,Africa,1338826591,3310072,247.24,0.25,23410,0.71,80834,6.04,0.01,1202,1.51
2021-01-18,Africa,1338826591,3286662,245.49,0.25,22476,0.69,79632,5.95,0.01,725,0.92
2021-01-17,Africa,1338826591,3264186,243.81,0.24,26569,0.82,78907,5.89,0.01,598,0.76
2021-01-16,Africa,1338826591,3237617,241.82,0.24,27568,0.86,78309,5.85,0.01,663,0.85
2021-01-15,Africa,1338826591,3210049,239.77,0.24,31575,0.99,77646,5.80,0.01,905,1.18
2021-01-14,Africa,1338826591,3178474,237.41,0.24,34228,1.09,76741,5.73,0.01,1053,1.39
2021-01-13,Africa,1338826591,3144246,234.85,0.23,33997,1.09,75688,5.65,0.01,1220,1.64
2021-01-12,Africa,1338826591,3110249,232.31,0.23,26128,0.85,74468,5.56,0.01,1076,1.47
2021-01-11,Africa,1338826591,3084121,230.36,0.23,28033,0.92,73392,5.48,0.01,681,0.94
2021-01-10,Africa,1338826591,3056088,228.27,0.23,31607,1.05,72711,5.43,0.01,594,0.82
2021-01-09,Africa,1338826591,3024481,225.91,0.23,35099,1.17,72117,5.39,0.01,657,0.92
2021-01-08,Africa,1338826591,2989382,223.28,0.22,36473,1.24,71460,5.34,0.01,910,1.29
2021-01-07,Africa,1338826591,2952909,220.56,0.22,35402,1.21,70550,5.27,0.01,689,0.99
2021-01-06,Africa,1338826591,2917507,217.92,0.22,35792,1.24,69861,5.22,0.01,1110,1.61
2021-01-05,Africa,1338826591,2881715,215.24,0.22,26847,0.94,68751,5.14,0.01,820,1.21
2021-01-04,Africa,1338826591,2854868,213.24,0.21,21792,0.77,67931,5.07,0.01,685,1.02
2021-01-03,Africa,1338826591,2833076,211.61,0.21,21990,0.78,67246,5.02,0.01,605,0.91
2021-01-02,Africa,1338826591,2811086,209.97,0.21,22919,0.82,66641,4.98,0.00,515,0.78
2021-01-01,Africa,1338826591,2788167,208.25,0.21,2788167,0.00,66126,4.94,0.00,66126,0.00
2021-02-26,Asia,4563925207,24884050,545.23,0.55,74903,0.30,397205,8.70,0.01,969,0.24
2021-02-25,Asia,4563925207,24809147,543.59,0.54,75982,0.31,396236,8.68,0.01,951,0.24
2021-02-24,Asia,4563925207,24733165,541.93,0.54,76425,0.31,395285,8.66,0.01,1511,0.38
2021-02-23,Asia,4563925207,24656740,540.25,0.54,73698,0.30,393774,8.63,0.01,941,0.24
2021-02-22,Asia,4563925207,24583042,538.64,0.54,67249,0.27,392833,8.61,0.01,754,0.19
2021-02-21,Asia,4563925207,24515793,537.16,0.54,67481,0.28,392079,8.59,0.01,717,0.18
2021-02-20,Asia,4563925207,24448312,535.69,0.54,62703,0.26,391362,8.58,0.01,909,0.23
2021-02-19,Asia,4563925207,24385609,534.31,0.53,67228,0.28,390453,8.56,0.01,894,0.23
2021-02-18,Asia,4563925207,24318381,532.84,0.53,66718,0.28,389559,8.54,0.01,886,0.23
2021-02-17,Asia,4563925207,24251663,531.38,0.53,69490,0.29,388673,8.52,0.01,865,0.22
2021-02-16,Asia,4563925207,24182173,529.85,0.53,68749,0.29,387808,8.50,0.01,923,0.24
2021-02-15,Asia,4563925207,24113424,528.35,0.53,59368,0.25,386885,8.48,0.01,701,0.18
2021-02-14,Asia,4563925207,24054056,527.05,0.53,58674,0.24,386184,8.46,0.01,743,0.19
2021-02-13,Asia,4563925207,23995382,525.76,0.53,63054,0.26,385441,8.45,0.01,857,0.22
2021-02-12,Asia,4563925207,23932328,524.38,0.52,66795,0.28,384584,8.43,0.01,884,0.23
2021-02-11,Asia,4563925207,23865533,522.92,0.52,64974,0.27,383700,8.41,0.01,847,0.22
2021-02-10,Asia,4563925207,23800559,521.49,0.52,71053,0.30,382853,8.39,0.01,974,0.26
2021-02-09,Asia,4563925207,23729506,519.94,0.52,67999,0.29,381879,8.37,0.01,942,0.25
2021-02-08,Asia,4563925207,23661507,518.45,0.52,59428,0.25,380937,8.35,0.01,892,0.23
2021-02-07,Asia,4563925207,23602079,517.14,0.52,66056,0.28,380045,8.33,0.01,823,0.22
2021-02-06,Asia,4563925207,23536023,515.70,0.52,69700,0.30,379222,8.31,0.01,868,0.23
2021-02-05,Asia,4563925207,23466323,514.17,0.51,68761,0.29,378354,8.29,0.01,913,0.24
2021-02-04,Asia,4563925207,23397562,512.66,0.51,72854,0.31,377441,8.27,0.01,1091,0.29
2021-02-03,Asia,4563925207,23324708,511.07,0.51,76348,0.33,376350,8.25,0.01,1001,0.27
2021-02-02,Asia,4563925207,23248360,509.39,0.51,69282,0.30,375349,8.22,0.01,1120,0.30
2021-02-01,Asia,4563925207,23179078,507.88,0.51,65867,0.28,374229,8.20,0.01,985,0.26
2021-01-31,Asia,4563925207,23113211,506.43,0.51,67489,0.29,373244,8.18,0.01,995,0.27
2021-01-30,Asia,4563925207,23045722,504.95,0.50,74273,0.32,372249,8.16,0.01,1274,0.34
2021-01-29,Asia,4563925207,22971449,503.33,0.50,76796,0.34,370975,8.13,0.01,972,0.26
2021-01-28,Asia,4563925207,22894653,501.64,0.50,82912,0.36,370003,8.11,0.01,1360,0.37
2021-01-27,Asia,4563925207,22811741,499.83,0.50,79975,0.35,368643,8.08,0.01,1270,0.35
2021-01-26,Asia,4563925207,22731766,498.07,0.50,75215,0.33,367373,8.05,0.01,1296,0.35
2021-01-25,Asia,4563925207,22656551,496.43,0.50,59715,0.26,366077,8.02,0.01,1123,0.31
2021-01-24,Asia,4563925207,22596836,495.12,0.50,66901,0.30,364954,8.00,0.01,945,0.26
2021-01-23,Asia,4563925207,22529935,493.65,0.49,73169,0.33,364009,7.98,0.01,1048,0.29
2021-01-22,Asia,4563925207,22456766,492.05,0.49,75658,0.34,362961,7.95,0.01,1050,0.29
2021-01-21,Asia,4563925207,22381108,490.39,0.49,76339,0.34,361911,7.93,0.01,1249,0.35
2021-01-20,Asia,4563925207,22304769,488.72,0.49,81733,0.37,360662,7.90,0.01,1244,0.35
2021-01-19,Asia,4563925207,22223036,486.93,0.49,74752,0.34,359418,7.88,0.01,1229,0.34
2021-01-18,Asia,4563925207,22148284,485.29,0.49,64552,0.29,358189,7.85,0.01,1072,0.30
2021-01-17,Asia,4563925207,22083732,483.88,0.48,75180,0.34,357117,7.82,0.01,978,0.27
2021-01-16,Asia,4563925207,22008552,482.23,0.48,85732,0.39,356139,7.80,0.01,1112,0.31
2021-01-15,Asia,4563925207,21922820,480.35,0.48,82588,0.38,355027,7.78,0.01,1204,0.34
2021-01-14,Asia,4563925207,21840232,478.54,0.48,86556,0.40,353823,7.75,0.01,1171,0.33
2021-01-13,Asia,4563925207,21753676,476.64,0.48,86939,0.40,352652,7.73,0.01,1326,0.38
2021-01-12,Asia,4563925207,21666737,474.74,0.47,81981,0.38,351326,7.70,0.01,1418,0.41
2021-01-11,Asia,4563925207,21584756,472.94,0.47,74376,0.35,349908,7.67,0.01,997,0.29
2021-01-10,Asia,4563925207,21510380,471.31,0.47,76478,0.36,348911,7.64,0.01,933,0.27
2021-01-09,Asia,4563925207,21433902,469.64,0.47,104961,0.49,347978,7.62,0.01,1305,0.38
2021-01-08,Asia,4563925207,21328941,467.34,0.47,67431,0.32,346673,7.60,0.01,953,0.28
2021-01-07,Asia,4563925207,21261510,465.86,0.47,87620,0.41,345720,7.58,0.01,1142,0.33
2021-01-06,Asia,4563925207,21173890,463.94,0.46,87477,0.41,344578,7.55,0.01,1070,0.31
2021-01-05,Asia,4563925207,21086413,462.02,0.46,82482,0.39,343508,7.53,0.01,1226,0.36
2021-01-04,Asia,4563925207,21003931,460.22,0.46,73451,0.35,342282,7.50,0.01,1110,0.33
2021-01-03,Asia,4563925207,20930480,458.61,0.46,69531,0.33,341172,7.48,0.01,1061,0.31
2021-01-02,Asia,4563925207,20860949,457.08,0.46,89867,0.43,340111,7.45,0.01,1352,0.40
2021-01-01,Asia,4563925207,20771082,455.11,0.46,20771082,0.00,338759,7.42,0.01,338759,0.00
2021-02-26,Europe,750312325,34043225,4537.21,4.54,140547,0.41,809875,107.94,0.11,3308,0.41
2021-02-25,Europe,750312325,33902678,4518.48,4.52,170099,0.50,806567,107.50,0.11,3149,0.39
2021-02-24,Europe,750312325,33732579,4495.80,4.50,171962,0.51,803418,107.08,0.11,3741,0.47
2021-02-23,Europe,750312325,33560617,4472.89,4.47,134703,0.40,799677,106.58,0.11,4146,0.52
2021-02-22,Europe,750312325,33425914,4454.93,4.45,103446,0.31,795531,106.03,0.11,2857,0.36
2021-02-21,Europe,750312325,33322468,4441.15,4.44,111977,0.34,792674,105.65,0.11,1836,0.23
2021-02-20,Europe,750312325,33210491,4426.22,4.43,128859,0.39,790838,105.40,0.11,2621,0.33
2021-02-19,Europe,750312325,33081632,4409.05,4.41,155066,0.47,788217,105.05,0.11,4128,0.53
2021-02-18,Europe,750312325,32926566,4388.38,4.39,154514,0.47,784089,104.50,0.10,3887,0.50
2021-02-17,Europe,750312325,32772052,4367.79,4.37,148007,0.45,780202,103.98,0.10,4685,0.60
2021-02-16,Europe,750312325,32624045,4348.06,4.35,123071,0.38,775517,103.36,0.10,4708,0.61
2021-02-15,Europe,750312325,32500974,4331.66,4.33,102066,0.32,770809,102.73,0.10,3013,0.39
2021-02-14,Europe,750312325,32398908,4318.06,4.32,93956,0.29,767796,102.33,0.10,2014,0.26
2021-02-13,Europe,750312325,32304952,4305.53,4.31,121070,0.38,765782,102.06,0.10,3145,0.41
2021-02-12,Europe,750312325,32183882,4289.40,4.29,148303,0.46,762637,101.64,0.10,4716,0.62
2021-02-11,Europe,750312325,32035579,4269.63,4.27,154852,0.49,757921,101.01,0.10,4713,0.63
2021-02-10,Europe,750312325,31880727,4248.99,4.25,156265,0.49,753208,100.39,0.10,5234,0.70
2021-02-09,Europe,750312325,31724462,4228.17,4.23,129190,0.41,747974,99.69,0.10,5994,0.81
2021-02-08,Europe,750312325,31595272,4210.95,4.21,125972,0.40,741980,98.89,0.10,3936,0.53
2021-02-07,Europe,750312325,31469300,4194.16,4.19,109040,0.35,738044,98.36,0.10,2383,0.32
2021-02-06,Europe,750312325,31360260,4179.63,4.18,130722,0.42,735661,98.05,0.10,3567,0.49
2021-02-05,Europe,750312325,31229538,4162.21,4.16,196844,0.63,732094,97.57,0.10,5929,0.82
2021-02-04,Europe,750312325,31032694,4135.97,4.14,159317,0.52,726165,96.78,0.10,4959,0.69
2021-02-03,Europe,750312325,30873377,4114.74,4.11,186316,0.61,721206,96.12,0.10,5976,0.84
2021-02-02,Europe,750312325,30687061,4089.90,4.09,159485,0.52,715230,95.32,0.10,6755,0.95
2021-02-01,Europe,750312325,30527576,4068.65,4.07,170705,0.56,708475,94.42,0.09,4497,0.64
2021-01-31,Europe,750312325,30356871,4045.90,4.05,115693,0.38,703978,93.82,0.09,2669,0.38
2021-01-30,Europe,750312325,30241178,4030.48,4.03,155901,0.52,701309,93.47,0.09,4788,0.69
2021-01-29,Europe,750312325,30085277,4009.70,4.01,203998,0.68,696521,92.83,0.09,5704,0.83
2021-01-28,Europe,750312325,29881279,3982.51,3.98,210481,0.71,690817,92.07,0.09,6421,0.94
2021-01-27,Europe,750312325,29670798,3954.46,3.95,216411,0.73,684396,91.21,0.09,6535,0.96
2021-01-26,Europe,750312325,29454387,3925.62,3.93,179078,0.61,677861,90.34,0.09,6549,0.98
2021-01-25,Europe,750312325,29275309,3901.75,3.90,194468,0.67,671312,89.47,0.09,4594,0.69
2021-01-24,Europe,750312325,29080841,3875.83,3.88,139630,0.48,666718,88.86,0.09,3144,0.47
2021-01-23,Europe,750312325,28941211,3857.22,3.86,169427,0.59,663574,88.44,0.09,4464,0.68
2021-01-22,Europe,750312325,28771784,3834.64,3.83,230014,0.81,659110,87.84,0.09,6243,0.96
2021-01-21,Europe,750312325,28541770,3803.99,3.80,225089,0.79,652867,87.01,0.09,6098,0.94
2021-01-20,Europe,750312325,28316681,3773.99,3.77,248228,0.88,646769,86.20,0.09,6893,1.08
2021-01-19,Europe,750312325,28068453,3740.90,3.74,202598,0.73,639876,85.28,0.09,7822,1.24
2021-01-18,Europe,750312325,27865855,3713.90,3.71,209320,0.76,632054,84.24,0.08,3878,0.62
2021-01-17,Europe,750312325,27656535,3686.00,3.69,155921,0.57,628176,83.72,0.08,3221,0.52
2021-01-16,Europe,750312325,27500614,3665.22,3.67,185204,0.68,624955,83.29,0.08,4944,0.80
2021-01-15,Europe,750312325,27315410,3640.54,3.64,245856,0.91,620011,82.63,0.08,5669,0.92
2021-01-14,Europe,750312325,27069554,3607.77,3.61,257236,0.96,614342,81.88,0.08,6057,1.00
2021-01-13,Europe,750312325,26812318,3573.49,3.57,262816,0.99,608285,81.07,0.08,6412,1.07
2021-01-12,Europe,750312325,26549502,3538.46,3.54,237197,0.90,601873,80.22,0.08,6950,1.17
2021-01-11,Europe,750312325,26312305,3506.85,3.51,212771,0.82,594923,79.29,0.08,4278,0.72
2021-01-10,Europe,750312325,26099534,3478.49,3.48,182934,0.71,590645,78.72,0.08,3134,0.53
2021-01-09,Europe,750312325,25916600,3454.11,3.45,227717,0.89,587511,78.30,0.08,4327,0.74
2021-01-08,Europe,750312325,25688883,3423.76,3.42,274846,1.08,583184,77.73,0.08,6125,1.06
2021-01-07,Europe,750312325,25414037,3387.13,3.39,320755,1.28,577059,76.91,0.08,5604,0.98
2021-01-06,Europe,750312325,25093282,3344.38,3.34,269592,1.09,571455,76.16,0.08,5542,0.98
2021-01-05,Europe,750312325,24823690,3308.45,3.31,275691,1.12,565913,75.42,0.08,6619,1.18
2021-01-04,Europe,750312325,24547999,3271.70,3.27,203764,0.84,559294,74.54,0.07,4328,0.78
2021-01-03,Europe,750312325,24344235,3244.55,3.24,168042,0.70,554966,73.96,0.07,2914,0.53
2021-01-02,Europe,750312325,24176193,3222.15,3.22,159491,0.66,552052,73.58,0.07,2796,0.51
2021-01-01,Europe,750312325,24016702,3200.89,3.20,24016702,0.00,549256,73.20,0.07,549256,0.00
2021-02-26,North America,585100234,32741987,5595.96,5.60,88436,0.27,742724,126.94,0.13,3049,0.41
2021-02-25,North America,585100234,32653551,5580.85,5.58,92905,0.29,739675,126.42,0.13,3432,0.47
2021-02-24,North America,585100234,32560646,5564.97,5.56,90741,0.28,736243,125.83,0.13,4384,0.60
2021-02-23,North America,585100234,32469905,5549.46,5.55,87499,0.27,731859,125.08,0.13,3736,0.51
2021-02-22,North America,585100234,32382406,5534.51,5.53,66524,0.21,728123,124.44,0.12,1999,0.28
2021-02-21,North America,585100234,32315882,5523.14,5.52,66090,0.20,726124,124.10,0.12,1687,0.23
2021-02-20,North America,585100234,32249792,5511.84,5.51,86315,0.27,724437,123.81,0.12,2786,0.39
2021-02-19,North America,585100234,32163477,5497.09,5.50,122047,0.38,721651,123.34,0.12,3725,0.52
2021-02-18,North America,585100234,32041430,5476.23,5.48,87387,0.27,717926,122.70,0.12,3553,0.50
2021-02-17,North America,585100234,31954043,5461.29,5.46,85927,0.27,714373,122.09,0.12,3586,0.50
2021-02-16,North America,585100234,31868116,5446.61,5.45,80067,0.25,710787,121.48,0.12,3206,0.45
2021-02-15,North America,585100234,31788049,5432.92,5.43,63771,0.20,707581,120.93,0.12,1547,0.22
2021-02-14,North America,585100234,31724278,5422.02,5.42,74381,0.24,706034,120.67,0.12,1637,0.23
2021-02-13,North America,585100234,31649897,5409.31,5.41,105289,0.33,704397,120.39,0.12,3549,0.51
2021-02-12,North America,585100234,31544608,5391.32,5.39,118413,0.38,700848,119.78,0.12,4394,0.63
2021-02-11,North America,585100234,31426195,5371.08,5.37,125020,0.40,696454,119.03,0.12,4845,0.70
2021-02-10,North America,585100234,31301175,5349.71,5.35,114402,0.37,691609,118.20,0.12,4828,0.70
2021-02-09,North America,585100234,31186773,5330.16,5.33,113091,0.36,686781,117.38,0.12,4983,0.73
2021-02-08,North America,585100234,31073682,5310.83,5.31,102752,0.33,681798,116.53,0.12,2325,0.34
2021-02-07,North America,585100234,30970930,5293.27,5.29,102839,0.33,679473,116.13,0.12,1911,0.28
2021-02-06,North America,585100234,30868091,5275.69,5.28,126132,0.41,677562,115.80,0.12,4267,0.63
2021-02-05,North America,585100234,30741959,5254.14,5.25,170303,0.56,673295,115.07,0.12,6902,1.04
2021-02-04,North America,585100234,30571656,5225.03,5.23,133691,0.44,666393,113.89,0.11,3984,0.60
2021-02-03,North America,585100234,30437965,5202.18,5.20,144070,0.48,662409,113.21,0.11,5796,0.88
2021-02-02,North America,585100234,30293895,5177.56,5.18,127963,0.42,656613,112.22,0.11,4085,0.63
2021-02-01,North America,585100234,30165932,5155.69,5.16,148966,0.50,652528,111.52,0.11,2809,0.43
2021-01-31,North America,585100234,30016966,5130.23,5.13,128635,0.43,649719,111.04,0.11,2440,0.38
2021-01-30,North America,585100234,29888331,5108.24,5.11,167753,0.56,647279,110.63,0.11,4457,0.69
2021-01-29,North America,585100234,29720578,5079.57,5.08,194134,0.66,642822,109.87,0.11,5291,0.83
2021-01-28,North America,585100234,29526444,5046.39,5.05,198321,0.68,637531,108.96,0.11,5818,0.92
2021-01-27,North America,585100234,29328123,5012.50,5.01,182142,0.62,631713,107.97,0.11,5771,0.92
2021-01-26,North America,585100234,29145981,4981.37,4.98,174451,0.60,625942,106.98,0.11,6011,0.97
2021-01-25,North America,585100234,28971530,4951.55,4.95,171172,0.59,619931,105.95,0.11,2849,0.46
2021-01-24,North America,585100234,28800358,4922.29,4.92,151704,0.53,617082,105.47,0.11,2559,0.42
2021-01-23,North America,585100234,28648654,4896.37,4.90,201882,0.71,614523,105.03,0.11,4990,0.82
2021-01-22,North America,585100234,28446772,4861.86,4.86,223876,0.79,609533,104.18,0.10,5508,0.91
2021-01-21,North America,585100234,28222896,4823.60,4.82,229491,0.82,604025,103.23,0.10,6216,1.04
2021-01-20,North America,585100234,27993405,4784.38,4.78,215892,0.78,597809,102.17,0.10,6202,1.05
2021-01-19,North America,585100234,27777513,4747.48,4.75,207282,0.75,591607,101.11,0.10,4581,0.78
2021-01-18,North America,585100234,27570231,4712.05,4.71,164821,0.60,587026,100.33,0.10,2242,0.38
2021-01-17,North America,585100234,27405410,4683.88,4.68,199951,0.73,584784,99.95,0.10,2492,0.43
2021-01-16,North America,585100234,27205459,4649.71,4.65,236408,0.88,582292,99.52,0.10,4804,0.83
2021-01-15,North America,585100234,26969051,4609.30,4.61,276030,1.03,577488,98.70,0.10,5192,0.91
2021-01-14,North America,585100234,26693021,4562.13,4.56,267189,1.01,572296,97.81,0.10,5199,0.92
2021-01-13,North America,585100234,26425832,4516.46,4.52,261836,1.00,567097,96.92,0.10,5512,0.98
2021-01-12,North America,585100234,26163996,4471.71,4.47,257149,0.99,561585,95.98,0.10,6036,1.09
2021-01-11,North America,585100234,25906847,4427.76,4.43,237308,0.92,555549,94.95,0.09,2936,0.53
2021-01-10,North America,585100234,25669539,4387.20,4.39,236419,0.93,552613,94.45,0.09,2602,0.47
2021-01-09,North America,585100234,25433120,4346.80,4.35,296129,1.18,550011,94.00,0.09,4627,0.85
2021-01-08,North America,585100234,25136991,4296.19,4.30,324225,1.31,545384,93.21,0.09,5351,0.99
2021-01-07,North America,585100234,24812766,4240.77,4.24,307757,1.26,540033,92.30,0.09,5232,0.98
2021-01-06,North America,585100234,24505009,4188.17,4.19,284982,1.18,534801,91.40,0.09,5305,1.00
2021-01-05,North America,585100234,24220027,4139.47,4.14,259276,1.08,529496,90.50,0.09,4967,0.95
2021-01-04,North America,585100234,23960751,4095.15,4.10,208708,0.88,524529,89.65,0.09,3024,0.58
2021-01-03,North America,585100234,23752043,4059.48,4.06,233661,0.99,521505,89.13,0.09,1962,0.38
2021-01-02,North America,585100234,23518382,4019.55,4.02,313930,1.35,519543,88.80,0.09,2991,0.58
2021-01-01,North America,585100234,23204452,3965.89,3.97,23204452,0.00,516552,88.28,0.09,516552,0.00
2021-02-26,Oceania,42757742,32761,76.62,0.08,11,0.03,949,2.22,0.00,0,0.00
2021-02-25,Oceania,42757742,32750,76.59,0.08,103,0.32,949,2.22,0.00,1,0.11
2021-02-24,Oceania,42757742,32647,76.35,0.08,42,0.13,948,2.22,0.00,1,0.11
2021-02-23,Oceania,42757742,32605,76.26,0.08,63,0.19,947,2.21,0.00,0,0.00
2021-02-22,Oceania,42757742,32542,76.11,0.08,99,0.31,947,2.21,0.00,0,0.00
2021-02-21,Oceania,42757742,32443,75.88,0.08,11,0.03,947,2.21,0.00,0,0.00
2021-02-20,Oceania,42757742,32432,75.85,0.08,21,0.06,947,2.21,0.00,0,0.00
2021-02-19,Oceania,42757742,32411,75.80,0.08,4,0.01,947,2.21,0.00,0,0.00
2021-02-18,Oceania,42757742,32407,75.79,0.08,11,0.03,947,2.21,0.00,0,0.00
2021-02-17,Oceania,42757742,32396,75.77,0.08,5,0.02,947,2.21,0.00,0,0.00
2021-02-16,Oceania,42757742,32391,75.75,0.08,50,0.15,947,2.21,0.00,1,0.11
2021-02-15,Oceania,42757742,32341,75.64,0.08,7,0.02,946,2.21,0.00,1,0.11
2021-02-14,Oceania,42757742,32334,75.62,0.08,9,0.03,945,2.21,0.00,0,0.00
2021-02-13,Oceania,42757742,32325,75.60,0.08,9,0.03,945,2.21,0.00,0,0.00
2021-02-12,Oceania,42757742,32316,75.58,0.08,7,0.02,945,2.21,0.00,0,0.00
2021-02-11,Oceania,42757742,32309,75.56,0.08,38,0.12,945,2.21,0.00,0,0.00
2021-02-10,Oceania,42757742,32271,75.47,0.08,9,0.03,945,2.21,0.00,0,0.00
2021-02-09,Oceania,42757742,32262,75.45,0.08,19,0.06,945,2.21,0.00,0,0.00
2021-02-08,Oceania,42757742,32243,75.41,0.08,10,0.03,945,2.21,0.00,0,0.00
2021-02-07,Oceania,42757742,32233,75.39,0.08,10,0.03,945,2.21,0.00,0,0.00
2021-02-06,Oceania,42757742,32223,75.36,0.08,8,0.02,945,2.21,0.00,0,0.00
2021-02-05,Oceania,42757742,32215,75.34,0.08,30,0.09,945,2.21,0.00,0,0.00
2021-02-04,Oceania,42757742,32185,75.27,0.08,9,0.03,945,2.21,0.00,0,0.00
2021-02-03,Oceania,42757742,32176,75.25,0.08,17,0.05,945,2.21,0.00,0,0.00
2021-02-02,Oceania,42757742,32159,75.21,0.08,12,0.04,945,2.21,0.00,0,0.00
2021-02-01,Oceania,42757742,32147,75.18,0.08,24,0.07,945,2.21,0.00,0,0.00
2021-01-31,Oceania,42757742,32123,75.13,0.08,7,0.02,945,2.21,0.00,0,0.00
2021-01-30,Oceania,42757742,32116,75.11,0.08,7,0.02,945,2.21,0.00,0,0.00
2021-01-29,Oceania,42757742,32109,75.10,0.08,6,0.02,945,2.21,0.00,0,0.00
2021-01-28,Oceania,42757742,32103,75.08,0.08,11,0.03,945,2.21,0.00,0,0.00
2021-01-27,Oceania,42757742,32092,75.06,0.08,14,0.04,945,2.21,0.00,0,0.00
2021-01-26,Oceania,42757742,32078,75.02,0.08,26,0.08,945,2.21,0.00,0,0.00
2021-01-25,Oceania,42757742,32052,74.96,0.07,5,0.02,945,2.21,0.00,0,0.00
2021-01-24,Oceania,42757742,32047,74.95,0.07,19,0.06,945,2.21,0.00,0,0.00
2021-01-23,Oceania,42757742,32028,74.91,0.07,24,0.07,945,2.21,0.00,0,0.00
2021-01-22,Oceania,42757742,32004,74.85,0.07,5,0.02,945,2.21,0.00,0,0.00
2021-01-21,Oceania,42757742,31999,74.84,0.07,16,0.05,945,2.21,0.00,0,0.00
2021-01-20,Oceania,42643927,31983,75.00,0.08,11,0.03,945,2.22,0.00,0,0.00
2021-01-19,Oceania,42643927,31972,74.97,0.07,14,0.04,945,2.22,0.00,0,0.00
2021-01-18,Oceania,42643927,31958,74.94,0.07,10,0.03,945,2.22,0.00,0,0.00
2021-01-17,Oceania,42643927,31948,74.92,0.07,19,0.06,945,2.22,0.00,0,0.00
2021-01-16,Oceania,42643927,31929,74.87,0.07,32,0.10,945,2.22,0.00,0,0.00
2021-01-15,Oceania,42643927,31897,74.80,0.07,20,0.06,945,2.22,0.00,0,0.00
2021-01-14,Oceania,42643927,31877,74.75,0.07,28,0.09,945,2.22,0.00,0,0.00
2021-01-13,Oceania,42643927,31849,74.69,0.07,22,0.07,945,2.22,0.00,0,0.00
2021-01-12,Oceania,42643927,31827,74.63,0.07,26,0.08,945,2.22,0.00,0,0.00
2021-01-11,Oceania,42643927,31801,74.57,0.07,28,0.09,945,2.22,0.00,0,0.00
2021-01-10,Oceania,42643927,31773,74.51,0.07,22,0.07,945,2.22,0.00,0,0.00
2021-01-09,Oceania,42643927,31751,74.46,0.07,44,0.14,945,2.22,0.00,0,0.00
2021-01-08,Oceania,42643927,31707,74.35,0.07,23,0.07,945,2.22,0.00,0,0.00
2021-01-07,Oceania,42643927,31684,74.30,0.07,25,0.08,945,2.22,0.00,0,0.00
2021-01-06,Oceania,42643927,31659,74.24,0.07,12,0.04,945,2.22,0.00,0,0.00
2021-01-05,Oceania,42643927,31647,74.21,0.07,23,0.07,945,2.22,0.00,0,0.00
2021-01-04,Oceania,42643927,31624,74.16,0.07,21,0.07,945,2.22,0.00,0,0.00
2021-01-03,Oceania,42643927,31603,74.11,0.07,41,0.13,945,2.22,0.00,0,0.00
2021-01-02,Oceania,42643927,31562,74.01,0.07,43,0.14,945,2.22,0.00,0,0.00
2021-01-01,Oceania,42643927,31519,73.91,0.07,31519,0.00,945,2.22,0.00,945,0.00
2021-02-26,South America,430457607,17832798,4142.75,4.14,99192,0.56,463512,107.68,0.11,2155,0.47
2021-02-25,South America,430457607,17733606,4119.71,4.12,95751,0.54,461357,107.18,0.11,2246,0.49
2021-02-24,South America,430457607,17637855,4097.47,4.10,94848,0.54,459111,106.66,0.11,2091,0.46
2021-02-23,South America,430457607,17543007,4075.43,4.08,84162,0.48,457020,106.17,0.11,1963,0.43
2021-02-22,South America,430457607,17458845,4055.88,4.06,42452,0.24,455057,105.71,0.11,1093,0.24
2021-02-21,South America,430457607,17416393,4046.02,4.05,58614,0.34,453964,105.46,0.11,1303,0.29
2021-02-20,South America,430457607,17357779,4032.40,4.03,82808,0.48,452661,105.16,0.11,1909,0.42
2021-02-19,South America,430457607,17274971,4013.16,4.01,84031,0.49,450752,104.71,0.10,1975,0.44
2021-02-18,South America,430457607,17190940,3993.64,3.99,80686,0.47,448777,104.26,0.10,2327,0.52
2021-02-17,South America,430457607,17110254,3974.90,3.97,79346,0.47,446450,103.72,0.10,1775,0.40
2021-02-16,South America,430457607,17030908,3956.47,3.96,68630,0.40,444675,103.30,0.10,1564,0.35
2021-02-15,South America,430457607,16962278,3940.52,3.94,48263,0.29,443111,102.94,0.10,1156,0.26
2021-02-14,South America,430457607,16914015,3929.31,3.93,56239,0.33,441955,102.67,0.10,1610,0.37
2021-02-13,South America,430457607,16857776,3916.25,3.92,72617,0.43,440345,102.30,0.10,1864,0.43
2021-02-12,South America,430457607,16785159,3899.38,3.90,81631,0.49,438481,101.86,0.10,1873,0.43
2021-02-11,South America,430457607,16703528,3880.41,3.88,84166,0.51,436608,101.43,0.10,2517,0.58
2021-02-10,South America,430457607,16619362,3860.86,3.86,80298,0.49,434091,100.84,0.10,1814,0.42
2021-02-09,South America,430457607,16539064,3842.21,3.84,105715,0.64,432277,100.42,0.10,2888,0.67
2021-02-08,South America,430457607,16433349,3817.65,3.82,16115,0.10,429389,99.75,0.10,711,0.17
2021-02-07,South America,430457607,16417234,3813.90,3.81,108156,0.66,428678,99.59,0.10,2400,0.56
2021-02-06,South America,430457607,16309078,3788.78,3.79,31921,0.20,426278,99.03,0.10,797,0.19
2021-02-05,South America,430457607,16277157,3781.36,3.78,82693,0.51,425481,98.84,0.10,2179,0.51
2021-02-04,South America,430457607,16194464,3762.15,3.76,83830,0.52,423302,98.34,0.10,1918,0.46
2021-02-03,South America,430457607,16110634,3742.68,3.74,99539,0.62,421384,97.89,0.10,2167,0.52
2021-02-02,South America,430457607,16011095,3719.55,3.72,85644,0.54,419217,97.39,0.10,1999,0.48
2021-02-01,South America,430457607,15925451,3699.66,3.70,47615,0.30,417218,96.92,0.10,1368,0.33
2021-01-31,South America,430457607,15877836,3688.59,3.69,54657,0.35,415850,96.61,0.10,1299,0.31
2021-01-30,South America,430457607,15823179,3675.90,3.68,99075,0.63,414551,96.30,0.10,2380,0.58
2021-01-29,South America,430457607,15724104,3652.88,3.65,95548,0.61,412171,95.75,0.10,2076,0.51
2021-01-28,South America,430457607,15628556,3630.68,3.63,101514,0.65,410095,95.27,0.10,2392,0.59
2021-01-27,South America,430457607,15527042,3607.10,3.61,97912,0.63,407703,94.71,0.09,2008,0.49
2021-01-26,South America,430457607,15429130,3584.36,3.58,107741,0.70,405695,94.25,0.09,2456,0.61
2021-01-25,South America,430457607,15321389,3559.33,3.56,54378,0.36,403239,93.68,0.09,1390,0.35
2021-01-24,South America,430457607,15267011,3546.69,3.55,67306,0.44,401849,93.35,0.09,1600,0.40
2021-01-23,South America,430457607,15199705,3531.06,3.53,95726,0.63,400249,92.98,0.09,1949,0.49
2021-01-22,South America,430457607,15103979,3508.82,3.51,102569,0.68,398300,92.53,0.09,2159,0.55
2021-01-21,South America,430457607,15001410,3484.99,3.48,97257,0.65,396141,92.03,0.09,2133,0.54
2021-01-20,South America,430457607,14904153,3462.40,3.46,117692,0.80,394008,91.53,0.09,2305,0.59
2021-01-19,South America,430457607,14786461,3435.06,3.44,98987,0.67,391703,91.00,0.09,1985,0.51
2021-01-18,South America,430457607,14687474,3412.06,3.41,53879,0.37,389718,90.54,0.09,1398,0.36
2021-01-17,South America,430457607,14633595,3399.54,3.40,70576,0.48,388320,90.21,0.09,1267,0.33
2021-01-16,South America,430457607,14563019,3383.15,3.38,103838,0.72,387053,89.92,0.09,1671,0.43
2021-01-15,South America,430457607,14459181,3359.03,3.36,129021,0.90,385382,89.53,0.09,2057,0.54
2021-01-14,South America,430457607,14330160,3329.05,3.33,109505,0.77,383325,89.05,0.09,1810,0.47
2021-01-13,South America,430457607,14220655,3303.61,3.30,101853,0.72,381515,88.63,0.09,1936,0.51
2021-01-12,South America,430457607,14118802,3279.95,3.28,102425,0.73,379579,88.18,0.09,1790,0.47
2021-01-11,South America,430457607,14016377,3256.16,3.26,66290,0.48,377789,87.76,0.09,1358,0.36
2021-01-10,South America,430457607,13950087,3240.76,3.24,61587,0.44,376431,87.45,0.09,990,0.26
2021-01-09,South America,430457607,13888500,3226.45,3.23,98686,0.72,375441,87.22,0.09,1795,0.48
2021-01-08,South America,430457607,13789814,3203.52,3.20,97114,0.71,373646,86.80,0.09,1727,0.46
2021-01-07,South America,430457607,13692700,3180.96,3.18,128346,0.95,371919,86.40,0.09,2175,0.59
2021-01-06,South America,430457607,13564354,3151.15,3.15,103776,0.77,369744,85.90,0.09,1966,0.53
2021-01-05,South America,430457607,13460578,3127.04,3.13,94346,0.71,367778,85.44,0.09,1667,0.46
2021-01-04,South America,430457607,13366232,3105.12,3.11,45506,0.34,366111,85.05,0.09,1029,0.28
2021-01-03,South America,430457607,13320726,3094.55,3.09,39702,0.30,365082,84.81,0.08,769,0.21
2021-01-02,South America,430457607,13281024,3085.33,3.09,39297,0.30,364313,84.63,0.08,750,0.21
2021-01-01,South America,430457607,13241727,3076.20,3.08,13241727,0.00,363563,84.46,0.08,363563,0.00
